ID_Local,Furo,M,P,Cl ,SO4,HCO3 ,Na,Ca,Mg ,Mg/Ca,Cl/HCO3,SO4/Cl,CondEletrica,pHAmostra,TempAmostra,Mg/Cl,NaCl,Nitratos,Fe,Mn
1,405/AG9,136918.00,218322.00,90.26,77.31,321.75,91.84,84.49,22.46,0.27,0.28,0.86,844.27,7.35,17.18,0.25,182.10,15.43,0.13,0.18
2,404F0057,120880.00,212960.00,188.56,53.38,272.91,168.90,73.82,26.98,0.37,0.69,0.28,714.90,7.44,17.53,0.14,357.47,27.60,0.24,0.08
3,404F0061,125075.00,212625.00,157.48,48.60,264.31,159.15,68.13,23.79,0.35,0.60,0.31,694.32,7.37,17.52,0.15,316.64,25.58,0.26,0.08
6,390F0075,127790.00,228580.00,344.40,95.30,422.10,171.60,164.30,43.80,0.27,0.82,0.28,611.05,6.95,17.58,0.13,516.00,40.00,0.10,0.11
7,390F0074,127860.00,225380.00,271.00,122.50,292.80,150.70,105.80,43.30,0.41,0.93,0.45,604.25,7.68,17.59,0.16,421.70,23.70,0.11,0.09
8,390F0091,128000.00,225480.00,275.27,121.21,294.62,153.58,105.68,43.35,0.41,0.93,0.44,603.84,7.68,17.59,0.16,428.85,23.74,0.11,0.09
10,390F0082,128300.00,229920.00,338.93,91.18,398.48,178.61,147.98,42.65,0.29,0.85,0.27,578.50,7.09,17.70,0.13,517.54,36.96,0.12,0.12
11,390F0093,128420.00,226740.00,342.18,95.61,348.63,194.99,117.41,43.33,0.37,0.98,0.28,611.68,7.51,17.58,0.13,537.16,28.99,0.11,0.12
12,391/229,139826.00,220561.00,99.19,61.73,243.63,96.22,59.86,20.00,0.33,0.41,0.62,651.19,7.16,17.54,0.20,195.41,21.03,0.14,0.13
13,390F0097,128560.00,220070.00,353.16,50.84,350.78,271.64,84.35,38.45,0.46,1.01,0.14,617.49,7.67,17.65,0.11,624.80,22.90,0.15,0.10
14,390F0073,128560.00,223810.00,733.10,2.40,456.30,456.60,81.80,51.60,0.63,1.61,0.00,611.59,8.22,17.60,0.07,1189.70,24.65,0.10,0.10
16,390F0092,129270.00,226770.00,359.21,87.31,355.83,209.79,115.23,43.01,0.37,1.01,0.24,611.08,7.51,17.58,0.12,569.00,29.11,0.12,0.12
17,390/208,129293.60,226762.30,359.73,87.06,355.78,210.34,114.99,43.00,0.37,1.01,0.24,611.11,7.52,17.58,0.12,570.08,29.07,0.12,0.12
18,390/110,129648.00,226850.00,362.22,84.16,358.00,213.97,114.26,42.88,0.38,1.01,0.23,610.49,7.50,17.58,0.12,576.19,29.27,0.12,0.12
19,390F0111,129950.00,227200.00,355.32,83.00,361.01,209.95,116.61,42.30,0.36,0.98,0.23,613.45,7.45,17.58,0.12,565.27,30.06,0.12,0.12
20,390/99,130060.60,228988.30,332.07,85.41,371.31,188.02,128.31,41.22,0.32,0.89,0.26,605.22,7.25,17.62,0.12,520.10,32.92,0.12,0.12
21,376/29,134310.80,230455.30,225.13,66.51,271.52,151.59,78.74,29.61,0.38,0.83,0.30,571.60,7.37,17.78,0.13,376.72,22.64,0.25,0.14
22,390F0098,134530.00,224150.00,208.83,63.36,295.90,170.35,75.38,29.40,0.39,0.71,0.30,634.77,7.40,17.50,0.14,379.18,21.46,0.16,0.13
24,404/91,135383.00,218323.00,35.52,74.71,314.88,99.55,82.14,22.91,0.28,0.11,2.10,419.25,7.77,17.30,0.65,135.08,6.48,0.08,0.16
27,391F0016,137700.00,227730.00,150.96,59.75,222.13,120.11,56.35,23.85,0.42,0.68,0.40,555.55,7.21,17.68,0.16,271.07,22.69,0.20,0.12
28,405F0049,137710.00,217320.00,88.13,71.34,289.21,99.63,75.17,22.32,0.30,0.30,0.81,698.41,7.35,17.63,0.25,187.76,17.63,0.15,0.14
29,405/AG7,137711.00,217245.00,87.89,71.10,287.43,100.08,74.77,22.32,0.30,0.31,0.81,691.11,7.35,17.66,0.25,187.97,17.75,0.15,0.14
30,391/AG18,140600.00,223600.00,91.44,52.92,182.44,91.52,41.72,17.78,0.43,0.50,0.58,511.14,6.92,17.57,0.19,182.96,25.07,0.14,0.09
31,391/245,141050.00,223580.00,85.88,51.03,170.39,87.72,38.16,16.76,0.44,0.50,0.59,493.33,6.86,17.58,0.20,173.60,25.95,0.13,0.09
32,391/AG16,141795.00,223728.00,73.88,48.00,149.21,81.57,32.05,14.95,0.47,0.50,0.65,462.00,6.75,17.60,0.20,155.45,28.00,0.12,0.08
33,405/AG1,142100.00,219750.00,80.01,50.57,175.67,83.76,44.06,16.86,0.38,0.46,0.63,515.25,7.09,17.78,0.21,163.77,21.57,0.13,0.09
34,391/437,143834.00,225145.00,60.02,45.70,104.94,70.63,21.77,11.93,0.55,0.57,0.76,416.91,6.41,17.40,0.20,130.65,35.71,0.11,0.07
35,391/AG14,144440.00,224099.00,47.85,42.66,88.21,65.18,16.00,8.17,0.51,0.54,0.89,385.00,6.10,17.23,0.17,113.03,43.87,0.07,0.09
36,391/243,145560.00,221380.00,54.67,30.34,88.31,56.14,22.00,11.33,0.51,0.62,0.56,439.51,7.70,18.27,0.21,110.81,10.10,0.07,0.05
37,391/AG19,145675.00,220960.00,53.76,29.63,90.31,54.00,23.23,11.42,0.49,0.60,0.55,443.62,7.78,18.28,0.21,107.76,9.26,0.07,0.05
38,391F0037,145800.00,221100.00,53.50,28.69,87.76,53.14,22.50,11.21,0.50,0.61,0.54,445.00,7.80,18.32,0.21,106.64,9.00,0.07,0.05
39,391/244,145970.00,223500.00,78.84,15.37,67.18,60.58,11.15,8.78,0.79,1.17,0.19,339.54,6.50,19.02,0.11,139.42,15.59,0.11,0.01
40,377/85,146382.30,235871.00,93.05,49.83,161.20,83.45,34.48,15.98,0.46,0.58,0.54,645.75,7.68,17.44,0.17,176.50,7.50,0.55,0.14
41,377/52,146670.30,237066.00,105.57,50.23,182.95,125.29,22.89,10.98,0.48,0.58,0.48,825.30,7.79,17.67,0.10,230.86,1.99,0.54,0.11
42,377/54,146991.00,236849.00,106.09,50.24,181.52,122.85,24.10,11.67,0.48,0.58,0.47,814.08,7.77,17.58,0.11,228.94,2.46,0.54,0.12
43,377/84,147302.40,237288.00,102.84,49.65,184.05,129.67,19.72,8.94,0.45,0.56,0.48,844.62,7.81,17.70,0.09,232.51,1.24,0.51,0.10
44,391/312,151239.00,224433.00,66.32,44.70,113.09,60.77,31.70,16.44,0.52,0.59,0.67,437.55,6.85,17.79,0.25,127.09,23.17,0.18,0.08
45,365F0017,152650.00,242250.00,34.22,15.93,118.50,44.27,14.42,6.72,0.47,0.29,0.47,299.27,7.49,20.31,0.20,78.48,12.18,0.14,0.03
46,365F0016,152750.00,241920.00,32.72,14.72,115.28,44.03,12.62,5.89,0.47,0.28,0.45,284.48,7.50,20.42,0.18,76.75,11.58,0.10,0.02
47,365/15,152850.00,241950.00,32.58,14.61,115.00,44.00,12.46,5.81,0.47,0.28,0.45,283.20,7.50,20.43,0.18,76.58,11.53,0.10,0.02
48,353/26,166310.00,258300.00,27.88,9.89,162.63,24.68,52.58,4.98,0.09,0.17,0.35,453.37,6.65,17.20,0.18,52.56,4.32,0.26,0.04
50,365F0023,155120.00,241300.00,52.21,29.51,147.98,46.24,33.02,14.12,0.43,0.35,0.57,441.26,7.32,19.06,0.27,98.45,23.55,0.47,0.14
51,365F0025,155430.00,247500.00,44.11,24.00,180.89,30.79,28.52,9.54,0.33,0.24,0.54,404.74,6.47,17.85,0.22,74.90,65.78,0.37,0.31
52,365F0021,155770.00,244940.00,51.11,28.19,98.30,38.18,30.86,12.62,0.41,0.52,0.55,437.83,6.84,18.23,0.25,89.29,51.60,0.34,0.10
53,365F0024,155900.00,247400.00,42.55,19.57,174.29,29.33,22.56,7.72,0.34,0.24,0.46,371.89,6.33,17.76,0.18,71.87,72.40,0.24,0.29
54,365F0032,155980.00,248470.00,44.65,29.02,206.14,31.23,34.83,10.96,0.31,0.22,0.65,435.91,6.56,17.92,0.25,75.87,62.11,0.51,0.38
55,365F0022,156000.00,244340.00,51.56,29.45,114.14,39.18,33.00,13.32,0.40,0.45,0.57,450.03,6.92,18.31,0.26,90.74,46.64,0.40,0.12
57,365F0020,156220.00,245220.00,50.28,29.33,118.91,37.27,33.32,12.73,0.38,0.42,0.58,447.35,6.82,18.19,0.25,87.55,50.93,0.41,0.14
58,365F0018,156680.00,248470.00,45.08,29.30,179.70,31.64,34.38,11.02,0.32,0.25,0.65,435.85,6.59,17.96,0.24,76.73,62.85,0.47,0.31
59,365F0011,156950.00,248270.00,45.10,28.51,170.51,31.68,33.31,10.79,0.32,0.26,0.63,430.41,6.58,17.95,0.24,76.78,63.46,0.44,0.28
60,365F0015,157200.00,248500.00,46.16,32.49,159.82,32.82,37.24,12.29,0.33,0.29,0.70,454.21,6.70,18.07,0.27,78.98,61.32,0.49,0.25
61,365F0010,157230.00,248400.00,46.01,31.76,160.26,32.68,36.51,12.05,0.33,0.29,0.69,449.94,6.68,18.05,0.26,78.68,61.57,0.48,0.25
62,353F0024,157700.00,251100.00,47.88,42.69,117.61,35.20,43.81,14.82,0.34,0.41,0.89,497.58,7.01,18.45,0.31,83.07,69.58,0.50,0.15
63,353/22,158460.00,250300.00,49.00,30.35,46.50,36.00,23.78,13.72,0.58,1.05,0.62,404.30,7.00,18.62,0.28,85.00,90.48,0.08,0.05
64,365F0030,159000.00,248600.00,46.48,37.53,123.79,35.47,38.97,13.72,0.35,0.38,0.81,477.59,6.93,18.34,0.30,81.95,62.61,0.50,0.16
65,353F0028,160540.00,250520.00,45.49,42.98,127.88,34.84,40.02,12.73,0.32,0.36,0.94,501.43,6.97,18.35,0.28,80.34,54.11,0.52,0.15
66,353F0012,160650.00,253540.00,42.60,46.28,79.30,32.00,4.00,3.90,0.98,0.54,1.09,517.47,6.90,17.85,0.09,74.60,36.85,0.05,0.17
67,353F0023,161290.00,253230.00,42.88,44.48,93.39,31.91,12.93,5.40,0.42,0.46,1.04,506.05,6.91,17.85,0.13,74.78,30.39,0.16,0.16
69,353/87,161750.00,256040.00,42.10,15.14,30.50,31.00,12.29,8.32,0.68,1.38,0.36,277.19,6.80,17.21,0.20,73.10,74.22,0.04,0.02
70,341F0015,162920.00,264560.00,74.04,79.17,229.59,38.49,115.70,26.86,0.23,0.32,1.07,970.30,6.99,18.13,0.36,112.52,71.67,0.47,0.10
71,353F0020,163060.00,258820.00,39.83,51.73,178.23,28.34,63.69,13.11,0.21,0.22,1.30,545.28,6.96,17.51,0.33,68.17,29.08,1.00,0.14
73,341F0014,163250.00,265060.00,76.99,73.88,214.35,39.30,113.55,27.19,0.24,0.36,0.96,968.12,6.97,18.07,0.35,116.30,78.97,0.40,0.08
74,353/687,163432.00,252892.00,42.46,43.39,142.90,31.20,40.99,10.32,0.25,0.30,1.02,485.30,6.91,17.80,0.24,73.66,15.14,0.64,0.16
75,353F0011,163520.00,256580.00,38.10,34.07,121.51,27.81,40.82,9.99,0.24,0.31,0.89,407.30,6.88,17.23,0.26,65.91,35.06,0.60,0.09
76,353F0026,163640.00,255560.00,39.63,33.82,122.90,29.12,39.25,9.97,0.25,0.32,0.85,410.83,6.89,17.37,0.25,68.75,33.60,0.60,0.10
77,353F0021,163740.00,257000.00,35.86,35.10,125.34,25.90,41.52,9.82,0.24,0.29,0.98,400.43,6.88,17.07,0.27,61.76,28.55,0.63,0.09
81,341F0030,165250.00,266370.00,47.14,34.59,141.55,45.37,104.89,11.12,0.11,0.33,0.73,809.01,7.45,19.36,0.24,92.51,13.95,0.18,0.06
82,341F0029,165530.00,265400.00,47.22,36.88,166.58,37.41,65.94,12.03,0.18,0.28,0.78,556.14,7.18,21.47,0.25,84.63,24.38,0.25,0.05
83,341/17,165541.00,265050.00,53.04,50.78,204.00,33.00,61.60,16.41,0.27,0.26,0.96,499.00,7.10,22.03,0.31,86.04,40.30,0.18,0.02
84,341F0008,165540.00,265050.00,53.04,50.78,204.00,33.00,61.60,16.41,0.27,0.26,0.96,499.00,7.10,22.03,0.31,86.04,40.30,0.18,0.02
85,341F0009,165550.00,265450.00,47.20,37.04,165.88,37.92,67.57,11.99,0.18,0.28,0.78,570.68,7.19,21.33,0.25,85.12,23.63,0.27,0.06
86,341/240,165584.00,264987.00,35.00,10.00,100.00,41.00,60.42,4.40,0.07,0.35,0.29,502.21,7.40,22.00,0.13,76.00,0.84,0.12,0.02
87,341/241,165643.00,266170.00,40.00,20.00,102.00,49.00,99.00,6.40,0.06,0.39,0.50,774.97,7.60,19.60,0.16,89.00,0.89,0.01,0.02
88,341F0004,165800.00,264870.00,49.70,29.10,147.19,37.98,41.80,10.50,0.25,0.34,0.59,548.75,6.75,21.54,0.21,87.68,17.10,0.13,0.04
89,353/341,166305.10,257935.80,27.00,4.00,150.29,24.15,47.65,4.00,0.08,0.18,0.15,425.98,6.60,17.06,0.15,51.15,2.00,0.05,0.02
91,329/6,166700.00,271040.00,107.20,23.50,142.00,43.50,58.50,21.50,0.37,0.75,0.22,1118.48,7.25,20.88,0.20,150.70,39.04,0.18,0.13
92,341F0002,166740.00,261080.00,28.40,133.00,204.00,30.13,48.80,8.20,0.17,0.14,4.68,866.23,7.60,19.59,0.29,58.53,3.31,0.22,0.81
94,329F0007,167160.00,272222.00,41.20,19.30,344.00,18.20,68.00,5.10,0.08,0.12,0.47,977.12,7.48,19.32,0.12,59.40,4.00,0.24,0.12
95,329F0008,167160.00,272223.00,31.20,14.80,344.00,15.90,111.20,7.30,0.07,0.09,0.47,976.95,7.28,19.32,0.23,47.10,2.00,0.16,0.12
96,329F0019,167360.00,271230.00,108.62,66.36,218.91,33.02,120.18,29.13,0.24,0.50,0.61,1163.70,7.20,19.32,0.27,141.65,33.55,0.20,0.10
97,341F0003,167370.00,269850.00,35.50,17.00,305.36,37.06,96.70,18.60,0.19,0.12,0.48,1244.89,7.33,18.56,0.52,72.56,78.05,0.18,0.18
98,329F0012,167430.00,271260.00,110.03,69.92,227.17,31.97,124.53,29.90,0.24,0.48,0.64,1164.61,7.19,19.15,0.27,142.00,33.23,0.20,0.09
100,342F0010,169620.00,265700.00,47.70,107.30,216.52,35.40,82.03,18.09,0.22,0.22,2.25,913.96,6.93,18.29,0.38,83.10,26.19,0.40,0.29
101,342/78,169860.00,264430.00,30.11,95.00,212.82,35.49,10.25,6.97,0.68,0.14,3.16,798.85,6.70,18.42,0.23,65.60,5.03,0.23,0.32
102,342F0002,169900.00,264500.00,30.00,95.72,211.57,35.51,9.50,6.90,0.73,0.14,3.19,800.94,6.70,18.41,0.23,65.51,4.81,0.22,0.32
103,330F0021,169940.00,275740.00,91.98,42.97,160.06,50.35,77.77,17.71,0.23,0.57,0.47,678.49,7.07,18.91,0.19,142.33,51.83,0.20,0.08
104,342/97,170240.00,266560.00,47.80,120.49,155.01,35.88,74.37,19.82,0.27,0.31,2.52,904.46,6.95,18.17,0.41,83.68,17.72,0.21,0.24
105,342F0014,170260.00,268540.00,65.77,113.03,249.19,35.73,126.10,27.94,0.22,0.26,1.72,995.15,7.00,18.02,0.42,101.51,50.30,0.14,0.20
106,342F0003,170902.00,267000.00,46.11,195.29,107.54,41.45,71.35,22.22,0.31,0.43,4.24,798.20,6.96,18.17,0.48,87.56,4.00,0.12,0.22
107,342F0004,170915.00,267010.00,46.20,197.90,107.40,41.60,72.00,22.40,0.31,0.43,4.28,796.10,6.96,18.17,0.48,87.80,4.00,0.12,0.22
109,342F0005,170920.00,267200.00,29.80,88.40,97.60,26.50,41.60,13.40,0.32,0.31,2.97,798.04,6.93,18.10,0.45,56.30,3.00,0.10,0.21
110,342F0006,170930.00,267130.00,46.90,73.40,117.10,38.40,40.10,13.90,0.35,0.40,1.57,793.26,6.96,18.11,0.30,85.30,3.00,0.20,0.21
111,330/183,170980.00,270910.00,82.31,65.46,97.87,40.10,76.27,26.96,0.35,0.84,0.80,729.24,6.89,18.64,0.33,122.40,102.24,0.38,0.06
112,330F0026,171130.00,275500.00,81.75,47.43,168.70,47.28,81.14,17.73,0.22,0.48,0.58,684.18,7.01,18.71,0.22,129.03,57.68,0.19,0.07
113,330F0030,171480.00,270780.00,77.11,66.53,120.47,39.29,79.90,25.07,0.31,0.64,0.86,713.22,6.89,18.57,0.33,116.40,87.62,0.33,0.06
114,330F0019,171620.00,276260.00,71.66,44.93,185.61,41.56,83.93,15.95,0.19,0.39,0.63,681.95,7.03,18.56,0.22,113.22,55.38,0.19,0.08
115,330F0016,171950.00,275750.00,69.09,45.84,187.80,40.75,87.49,15.45,0.18,0.37,0.66,683.03,7.03,18.52,0.22,109.84,58.02,0.19,0.08
116,342F0008,172500.00,268360.00,35.50,9.60,79.30,35.85,27.80,6.40,0.23,0.45,0.27,326.00,6.45,18.04,0.18,71.35,16.00,0.25,0.14
117,342F0009,172530.00,268400.00,35.50,19.20,79.30,35.83,27.80,5.50,0.20,0.45,0.54,310.00,6.25,18.05,0.15,71.33,16.00,0.17,0.14
118,330/186,174290.00,270680.00,35.45,19.78,99.75,27.70,28.80,8.47,0.29,0.36,0.56,300.00,7.00,17.83,0.24,63.15,32.38,0.23,0.02
119,330/187,176820.00,275630.00,49.10,24.57,217.50,43.70,44.33,13.88,0.31,0.23,0.50,424.70,6.60,17.54,0.28,92.80,4.85,0.08,0.02
120,330F0028,176950.00,275570.00,49.02,24.82,217.46,43.50,45.06,13.85,0.31,0.23,0.51,426.97,6.61,17.55,0.28,92.52,5.52,0.08,0.02
121,330F0029,176951.00,275571.00,49.02,24.82,217.46,43.50,45.06,13.85,0.31,0.23,0.51,426.98,6.61,17.55,0.28,92.52,5.53,0.08,0.02
126,330/AG1,177033.00,275900.00,48.77,25.71,217.14,42.76,47.82,13.74,0.29,0.22,0.53,434.95,6.63,17.57,0.28,91.53,8.08,0.08,0.02
127,330/22,174332.00,270792.00,35.70,20.23,100.59,27.75,29.56,8.52,0.29,0.35,0.57,303.45,7.00,17.85,0.24,63.45,32.54,0.23,0.02
128,330F0014,183264.00,278983.00,32.17,43.50,176.48,28.97,64.41,12.66,0.20,0.18,1.35,455.07,6.95,18.13,0.39,61.14,26.87,0.31,0.06
129,330F0015,183296.00,278979.00,32.15,43.53,176.31,28.95,64.40,12.66,0.20,0.18,1.35,454.91,6.95,18.13,0.39,61.10,26.84,0.31,0.06
130,331F0026,188350.00,277970.00,48.91,58.10,156.99,26.43,65.53,12.61,0.19,0.31,1.19,459.15,7.15,18.23,0.26,75.34,23.67,0.30,0.04
131,331F0031,188440.00,278720.00,43.27,28.81,64.01,24.47,39.40,11.77,0.30,0.68,0.67,332.76,6.60,18.64,0.27,67.74,33.47,0.86,0.03
132,331F0030,188590.00,278740.00,41.56,27.31,57.69,24.36,37.79,11.68,0.31,0.72,0.66,325.84,6.57,18.65,0.28,65.93,34.13,0.88,0.03
133,377/59,145228.00,236422.00,90.08,52.99,167.82,79.49,36.18,16.94,0.47,0.54,0.59,638.96,7.76,17.76,0.19,169.58,6.26,0.61,0.15
134,331/2,188592.00,279051.00,37.93,22.93,38.10,24.04,32.97,11.37,0.34,1.00,0.60,306.11,6.49,18.69,0.30,61.97,36.28,0.95,0.03
135,331F0016,189870.00,277820.00,21.30,45.30,170.80,36.40,64.00,13.40,0.21,0.12,2.13,517.78,7.00,18.83,0.63,57.70,5.30,0.40,0.04
136,331F0015,189950.00,277780.00,21.30,27.20,271.50,35.94,92.30,16.70,0.18,0.08,1.28,533.00,7.20,18.80,0.78,57.24,17.70,0.17,0.04
137,331F0017,190120.00,277850.00,21.30,64.50,225.70,34.51,86.20,14.50,0.17,0.09,3.03,532.00,7.15,18.72,0.68,55.81,5.70,0.66,0.04
138,331F0018,190170.00,277920.00,21.30,74.00,219.60,33.95,82.10,15.80,0.19,0.10,3.47,432.00,7.10,18.69,0.74,55.25,0.60,0.80,0.04
139,331F0003,193270.00,277950.00,53.83,19.52,73.95,18.34,13.70,6.05,0.44,0.73,0.36,192.99,6.13,18.02,0.11,72.18,11.67,0.10,0.04
140,331/15,193296.00,278102.00,32.58,17.92,69.00,18.27,11.42,5.81,0.51,0.47,0.55,184.20,6.10,18.02,0.18,50.85,11.53,0.10,0.04
141,331F0002,193300.00,277950.00,53.73,19.50,73.85,18.34,13.65,6.05,0.44,0.73,0.36,192.81,6.13,18.02,0.11,72.07,11.66,0.10,0.04
142,331F0009,193600.00,277850.00,181.61,28.17,99.25,18.73,25.30,7.25,0.29,1.83,0.16,239.60,6.31,18.02,0.04,200.34,12.31,0.13,0.04
143,331F0004,194280.00,278630.00,746.52,58.32,185.25,20.09,63.82,11.11,0.17,4.03,0.08,431.12,6.91,17.92,0.01,766.61,13.56,0.19,0.04
144,331F0005,194330.00,278550.00,779.42,59.87,189.25,20.16,65.58,11.26,0.17,4.12,0.08,439.74,6.93,17.91,0.01,799.58,13.58,0.19,0.04
145,331F0011,194850.00,273320.00,329.29,46.65,146.54,19.45,55.45,9.70,0.17,2.25,0.14,363.47,6.94,18.24,0.03,348.74,17.00,0.24,0.04
146,331F0010,194880.00,273400.00,320.32,46.03,143.96,19.28,54.62,9.55,0.17,2.23,0.14,358.29,6.94,18.25,0.03,339.61,16.94,0.23,0.04
147,331F0012,194920.00,273480.00,310.15,45.34,140.88,19.11,53.69,9.40,0.18,2.20,0.15,352.51,6.93,18.26,0.03,329.26,16.88,0.23,0.04
148,331F0040,194960.00,274490.00,124.41,33.28,92.00,16.86,37.87,6.94,0.18,1.35,0.27,261.49,6.89,18.41,0.06,141.28,15.68,0.12,0.04
149,331F0037,195510.00,273060.00,355.20,48.15,151.71,19.76,57.26,9.93,0.17,2.34,0.14,374.96,6.94,18.21,0.03,374.96,17.21,0.26,0.04
150,331F0043,195950.00,278050.00,6705.00,170.00,313.20,25.16,119.47,15.76,0.13,21.41,0.03,665.32,8.20,17.25,0.00,6730.16,12.71,0.10,0.04
151,331F0022,195980.00,277880.00,53.30,130.40,360.00,25.77,144.60,19.50,0.13,0.15,2.45,775.00,7.40,17.22,0.37,79.07,13.30,0.10,0.04
152,331F0023,196050.00,277920.00,32.00,49.80,286.70,25.81,107.00,13.30,0.12,0.11,1.56,594.00,6.50,17.21,0.42,57.81,9.00,0.10,0.04
154,331F0013,196310.00,277520.00,25.00,80.00,305.00,25.39,116.70,14.10,0.12,0.08,3.20,584.42,7.30,17.27,0.56,50.39,8.90,0.20,0.04
155,331F0021,196450.00,277550.00,30.20,50.20,244.00,25.13,94.40,15.80,0.17,0.12,1.66,568.00,7.10,17.30,0.52,55.33,1.30,0.10,0.04
157,341F0001,154520.00,267670.00,40.80,71.93,71.70,34.37,32.80,6.60,0.20,0.57,1.76,319.60,7.50,18.59,0.16,75.17,0.13,0.09,0.21
160,418/AG49,131467.00,204958.00,116.33,30.20,226.16,72.06,53.67,14.47,0.27,0.51,0.26,1349.00,7.08,15.71,0.12,188.39,75.77,0.16,0.09
162,404/69,134850.00,210870.00,161.46,58.09,174.00,124.95,43.11,15.09,0.35,0.93,0.36,741.68,6.93,18.28,0.09,286.41,1.39,1.32,0.09
163,418/4,135060.00,204980.00,54.14,31.75,234.25,39.95,72.26,13.10,0.18,0.23,0.59,574.00,7.67,17.13,0.24,94.09,0.86,0.14,0.27
164,419/AG3,136088.00,204799.00,53.83,23.67,232.68,44.04,69.00,6.80,0.10,0.23,0.44,485.18,7.37,16.54,0.13,97.87,81.91,0.05,0.01
165,405/17,136600.00,219500.00,107.00,80.99,336.00,86.37,89.46,22.37,0.25,0.32,0.76,1100.00,7.20,16.99,0.21,193.37,17.26,0.13,0.20
166,405/32,136682.00,212681.00,39.00,67.66,200.08,118.08,60.69,20.94,0.35,0.19,1.73,240.00,7.00,20.50,0.54,157.08,23.75,0.03,0.02
167,405/34,139561.00,211220.00,96.49,113.78,206.86,105.68,82.92,32.95,0.40,0.47,1.18,871.32,7.83,16.91,0.34,202.17,58.83,0.07,0.06
168,405/AG6,139649.00,211339.00,96.57,114.00,206.50,105.56,83.00,33.00,0.40,0.47,1.18,873.33,7.83,16.90,0.34,202.13,58.97,0.06,0.06
169,377/262,144300.00,234550.00,31.79,60.32,146.00,46.00,28.88,17.10,0.59,0.22,1.90,537.00,8.17,18.07,0.54,77.79,1.05,0.51,0.06
170,377/86,144320.00,234440.00,31.99,60.28,146.06,46.08,28.92,8.35,0.29,0.22,1.88,537.12,8.17,18.07,0.26,78.07,1.10,0.51,0.06
171,391/33,146740.00,226240.00,71.87,104.76,69.64,73.67,43.70,33.69,0.77,1.03,1.46,631.31,6.85,15.77,0.47,145.54,42.13,0.24,0.04
172,377/264,147040.00,273470.00,64.17,76.03,199.50,35.50,96.87,20.28,0.21,0.32,1.18,755.22,7.30,19.81,0.32,99.67,34.86,0.45,0.19
173,364/259,147360.00,241900.00,66.43,6.80,333.50,114.00,28.20,11.43,0.41,0.20,0.10,731.60,7.77,18.09,0.17,180.43,2.30,1.30,0.17
174,377/263,147600.00,239000.00,319.67,93.78,204.71,103.33,103.00,74.80,0.73,1.56,0.29,734.95,7.50,17.83,0.23,423.00,0.75,1.60,0.62
175,391/404,148130.00,221120.00,49.77,8.30,61.14,26.90,16.52,6.71,0.41,0.81,0.17,218.33,6.27,18.94,0.13,76.67,17.18,0.07,0.06
176,377/94,148399.00,234273.00,47.37,27.77,76.42,28.60,32.26,8.35,0.26,0.62,0.59,361.50,7.20,15.92,0.18,75.97,22.73,0.12,0.06
177,364/260,149570.00,244000.00,26.00,33.50,316.00,37.00,52.25,26.43,0.51,0.08,1.29,706.50,7.87,18.03,1.02,63.00,3.82,0.81,0.36
178,364/297,149575.00,244005.00,40.90,49.00,316.00,37.00,59.00,35.80,0.61,0.13,1.20,760.00,7.55,18.80,0.88,77.90,0.94,1.40,0.48
179,378/129,152520.00,231100.00,73.99,44.52,149.17,55.80,40.60,17.59,0.43,0.50,0.60,496.83,7.23,17.45,0.24,129.80,20.19,0.41,0.15
180,353/363,153770.00,250290.00,44.08,81.48,379.00,31.00,105.43,30.99,0.29,0.12,1.85,784.20,7.48,18.54,0.70,75.08,1.52,3.20,0.99
181,365/470,154350.00,245140.00,52.15,23.14,38.50,38.00,20.53,10.55,0.51,1.35,0.44,390.00,6.70,18.13,0.20,90.15,63.63,0.05,0.01
182,353/362,155460.00,253650.00,57.84,156.71,526.50,32.00,217.14,28.00,0.13,0.11,2.71,1250.00,7.35,17.86,0.48,89.84,6.46,2.68,0.56
183,365/471,156160.00,247540.00,42.20,18.63,177.09,29.00,21.30,7.33,0.34,0.24,0.44,365.00,6.30,17.73,0.17,71.20,73.84,0.21,0.29
184,341/252,161780.00,262470.00,69.62,173.22,502.00,31.00,183.43,40.60,0.22,0.14,2.49,1188.00,7.23,18.23,0.58,100.62,27.05,0.06,0.16
185,353/353,162940.00,253600.00,42.37,40.04,128.64,30.77,35.39,9.58,0.27,0.33,0.94,471.24,6.91,17.68,0.23,73.14,8.97,0.53,0.14
186,341/253,164000.00,264600.00,97.03,80.95,202.00,41.00,122.17,34.62,0.28,0.48,0.83,1033.50,6.75,17.43,0.36,138.03,124.22,0.11,0.02
187,353/346,165000.00,258000.00,26.91,23.74,61.50,19.00,15.92,7.04,0.44,0.44,0.88,248.50,6.80,16.22,0.26,45.91,14.34,0.09,0.03
188,353/373,165001.00,258000.00,26.91,23.74,61.50,19.00,15.92,7.04,0.44,0.44,0.88,248.50,6.80,16.22,0.26,45.91,14.34,0.09,0.03
189,341/255,165540.00,268440.00,92.99,92.55,304.02,40.71,169.99,34.09,0.20,0.31,1.00,1046.27,7.34,18.26,0.37,133.70,58.81,0.33,0.14
190,341/269,166921.00,269032.00,95.10,170.00,350.75,40.50,220.00,44.00,0.20,0.27,1.79,1229.41,7.40,18.70,0.46,135.60,161.80,0.47,0.29
191,341/251,166960.00,260910.00,41.24,63.39,433.50,30.00,123.75,30.06,0.24,0.10,1.54,871.75,7.30,19.63,0.73,71.24,1.73,12.00,0.84
192,341/254,167050.00,265270.00,45.57,110.17,368.00,27.00,129.25,17.55,0.14,0.12,2.42,876.67,7.20,17.84,0.39,72.57,4.42,4.13,1.01
193,329/341,167873.00,270663.00,220.00,166.67,257.54,35.18,220.00,64.00,0.29,0.85,0.76,1250.00,6.95,17.85,0.29,255.18,38.75,0.20,0.05
194,342/114,168360.00,268980.00,120.83,155.75,540.00,33.50,290.75,54.38,0.19,0.22,1.29,1658.50,7.21,17.69,0.45,154.33,109.43,0.10,0.32
195,342/115,168420.00,267550.00,81.82,147.81,518.33,29.50,243.88,48.64,0.20,0.16,1.81,1338.80,7.15,17.47,0.59,111.32,90.25,0.09,0.19
196,330/234,169030.00,274050.00,131.21,19.01,103.50,61.00,43.37,13.74,0.32,1.27,0.14,569.67,7.24,19.59,0.10,192.21,18.13,0.26,0.07
197,330/233,170250.00,273470.00,92.08,50.29,78.50,81.00,45.60,18.04,0.40,1.17,0.55,676.00,6.74,18.96,0.20,173.08,96.07,0.07,0.03
198,330/235,171120.00,271440.00,86.19,61.47,42.57,40.50,59.39,29.04,0.49,2.02,0.71,711.40,6.87,18.73,0.34,126.69,131.51,0.46,0.04
199,342/113,171250.00,268700.00,73.49,144.52,404.33,38.00,215.00,35.57,0.17,0.18,1.97,1121.80,7.23,17.73,0.48,111.49,93.61,0.05,0.15
200,330/230,174000.00,271850.00,37.45,15.96,62.00,25.00,13.44,4.66,0.35,0.60,0.43,235.75,6.88,18.77,0.12,62.45,22.49,0.41,0.06
201,330/232,174380.00,274000.00,48.95,81.40,355.00,25.00,179.17,15.67,0.09,0.14,1.66,1070.50,7.23,18.36,0.32,73.95,127.50,0.12,0.07
202,330/231,175050.00,275180.00,22.52,33.04,233.50,19.00,83.72,7.05,0.08,0.10,1.47,457.75,7.34,17.76,0.31,41.52,33.96,0.14,0.05
203,331/129,187630.00,276740.00,39.74,38.44,131.00,27.67,65.70,12.54,0.19,0.30,0.97,492.75,6.94,17.44,0.32,67.41,36.33,0.07,0.04
204,331/1,188570.00,278970.00,37.24,22.38,35.50,24.00,32.34,11.32,0.35,1.05,0.60,303.67,6.48,18.69,0.30,61.24,36.57,0.96,0.03
205,331/130,188860.00,277700.00,32.40,79.60,167.50,25.00,75.49,11.04,0.15,0.19,2.46,498.86,7.49,18.08,0.34,57.40,20.76,0.09,0.04
206,331/131,189600.00,277700.00,35.15,41.69,156.00,38.00,33.98,17.15,0.50,0.23,1.19,417.67,6.80,18.93,0.49,73.15,46.13,0.35,0.04
207,331/126,195300.00,274870.00,19.55,26.63,66.00,16.00,29.46,5.70,0.19,0.30,1.36,217.40,6.87,18.48,0.29,35.55,14.90,0.07,0.04
208,331/133,196120.00,277785.00,33.46,47.01,301.00,26.00,100.14,13.86,0.14,0.11,1.40,605.75,7.33,17.20,0.41,59.46,27.12,0.06,0.04
209,331/127,196300.00,276200.00,42.32,30.70,59.00,24.00,26.34,7.28,0.28,0.72,0.73,350.00,6.38,17.87,0.17,66.32,35.54,1.03,0.04
210,331/23,194300.00,278640.00,760.48,58.93,187.02,20.11,64.59,11.18,0.17,4.07,0.08,435.93,6.92,17.92,0.01,780.60,13.57,0.19,0.04
211,365/27,161520.00,244710.00,52.63,37.53,174.94,39.03,46.22,14.99,0.32,0.30,0.71,529.47,7.02,18.23,0.28,91.65,37.71,0.62,0.24
212,377/236,150150.00,237050.00,113.81,48.28,167.92,71.32,45.69,24.29,0.53,0.68,0.42,584.55,7.51,17.68,0.21,185.14,11.44,0.72,0.23
214,378/99,155050.00,236300.00,76.13,39.69,170.49,54.80,41.67,19.49,0.47,0.45,0.52,512.70,7.36,18.18,0.26,130.92,19.56,0.62,0.20
215,391/266,147560.00,225430.00,69.85,79.52,79.23,70.30,36.37,26.00,0.71,0.88,1.14,544.43,6.80,16.60,0.37,140.14,34.55,0.20,0.04
217,404/AG2,135030.00,218340.00,30.20,73.22,310.76,104.08,80.80,23.17,0.29,0.10,2.42,388.00,7.80,17.36,0.77,134.28,5.70,0.07,0.16
219,377/287,146752.00,239462.00,229.50,72.44,220.95,99.97,75.52,51.37,0.68,1.04,0.32,719.34,7.57,17.89,0.22,329.47,3.02,1.29,0.45
221,365/428,158510.00,249470.00,48.10,33.94,77.82,35.74,30.94,13.86,0.45,0.62,0.71,436.88,6.98,18.52,0.29,83.84,79.16,0.26,0.09
223,392/29,152609.00,223430.00,66.14,42.01,122.38,60.47,32.45,15.75,0.49,0.54,0.64,431.06,6.88,17.92,0.24,126.61,22.08,0.19,0.09
225,404/61,133940.00,217820.00,61.24,67.00,293.37,124.11,76.03,24.11,0.32,0.21,1.09,487.11,7.66,17.65,0.39,185.34,9.63,0.11,0.13
226,405/11,136800.00,219520.00,106.58,80.87,335.58,86.56,89.30,22.38,0.25,0.32,0.76,1090.99,7.21,16.99,0.21,193.14,17.21,0.13,0.20
227,405/67,137570.00,218952.00,100.65,77.73,323.13,90.58,84.74,22.37,0.26,0.31,0.77,932.63,7.27,17.13,0.22,191.22,16.94,0.13,0.19
228,404/51,135010.00,214800.00,87.00,62.32,235.90,120.21,64.09,21.19,0.33,0.37,0.72,529.33,7.27,18.72,0.24,207.22,18.26,0.26,0.07
229,404/53,134950.00,210460.00,156.01,57.74,174.95,124.53,43.92,15.24,0.35,0.89,0.37,730.87,6.95,18.29,0.10,280.55,2.70,1.25,0.09
230,405/68,137570.00,208900.00,94.08,60.32,203.71,101.33,65.22,19.56,0.30,0.46,0.64,650.72,7.34,17.77,0.21,195.41,33.15,0.34,0.08
232,377/56,146687.00,237075.00,105.28,50.17,183.05,125.70,22.59,10.78,0.48,0.58,0.48,827.10,7.79,17.67,0.10,230.98,1.92,0.53,0.11
233,376/24,134003.00,230287.00,234.38,67.46,278.00,156.30,81.26,30.48,0.38,0.84,0.29,573.06,7.37,17.79,0.13,390.68,23.10,0.24,0.14
236,321/11,194663.00,286408.00,538.71,57.22,191.55,22.98,70.58,12.84,0.18,2.81,0.11,473.91,7.02,18.09,0.02,561.68,18.10,0.30,0.04
237,321/27,193880.00,280010.00,626.43,55.63,184.86,20.78,64.39,11.60,0.18,3.39,0.09,450.72,6.97,17.99,0.02,647.22,14.41,0.24,0.04
240,378/57,152550.00,231100.00,74.01,44.51,149.34,55.82,40.62,17.60,0.43,0.50,0.60,496.92,7.23,17.45,0.24,129.83,20.19,0.41,0.15
242,391/280,141270.00,223620.00,83.19,50.11,164.19,85.87,36.34,16.24,0.45,0.51,0.60,483.68,6.83,17.58,0.20,169.06,26.49,0.13,0.08
243,391/477,141297.00,223636.00,82.86,50.00,163.11,85.65,36.10,16.17,0.45,0.51,0.60,482.43,6.82,17.58,0.20,168.51,26.57,0.13,0.08
244,391/AG17,141966.00,223615.00,72.26,47.24,145.18,80.18,30.75,14.53,0.47,0.50,0.65,456.05,6.72,17.60,0.20,152.44,28.36,0.12,0.08
245,391/AG20,145670.00,221015.00,53.69,29.62,89.95,54.16,23.06,11.40,0.49,0.60,0.55,444.03,7.78,18.28,0.21,107.85,9.18,0.07,0.05
247,404/AG1,135381.00,218322.00,35.46,74.69,314.84,99.58,82.13,22.92,0.28,0.11,2.11,418.86,7.77,17.30,0.65,135.04,6.47,0.08,0.17
248,404/AG3,135333.00,218307.00,34.11,74.44,314.03,100.26,81.87,22.95,0.28,0.11,2.18,410.43,7.78,17.31,0.67,134.37,6.27,0.07,0.17
250,405/AG8,137679.00,217249.00,87.74,71.17,287.98,100.05,74.91,22.33,0.30,0.30,0.81,691.46,7.36,17.66,0.25,187.79,17.66,0.15,0.14
800,CGP1,130587.94,228139.30,335.21,81.49,358.32,198.41,117.38,40.77,0.35,0.94,0.24,607.83,7.36,17.57,0.12,533.62,30.20,0.13,0.12
801,CGP2,165355.09,255665.81,35.38,34.72,150.91,26.99,48.21,9.74,0.20,0.23,0.98,462.34,6.86,17.31,0.28,62.37,20.92,0.82,0.11
802,CGP3,165396.16,264917.89,45.37,32.22,156.18,37.00,61.14,10.93,0.18,0.29,0.71,519.54,7.19,21.83,0.24,82.37,21.99,0.18,0.03
803,CGP4,166848.63,268612.51,112.40,120.38,375.97,43.98,207.92,41.60,0.20,0.30,1.07,1204.62,7.41,18.60,0.37,156.38,85.32,0.31,0.14
804,CGP5,166840.74,266762.08,65.10,83.14,266.78,37.61,139.47,24.65,0.18,0.24,1.28,994.30,7.26,18.53,0.38,102.71,40.14,0.71,0.25
805,CGP6,165404.38,266768.33,52.89,45.57,169.56,43.72,119.80,14.70,0.12,0.31,0.86,872.41,7.40,19.00,0.28,96.60,21.94,0.27,0.09
808,CGP8,159611.02,257543.85,45.33,53.25,172.86,31.45,64.78,13.84,0.21,0.26,1.17,586.54,6.98,17.74,0.31,76.78,41.38,0.74,0.17
