<metadata xml:lang="en"><Esri><CreaDate>20200516</CreaDate><CreaTime>17480400</CreaTime><ArcGISFormat>1.0</ArcGISFormat><SyncOnce>FALSE</SyncOnce><DataProperties><GeoStats><OutputType>PREDICTION</OutputType></GeoStats><lineage><Process ToolSource="d:\arcgis\desktop10.2\ArcToolbox\Toolboxes\Geostatistical Analyst Tools.tbx\GALayerToGrid" Date="20200516" Time="174804">GALayerToGrid Kriging_7 C:\Users\bruna\Desktop\profAquifero\kriging.gdb\TrasnExt 509.678374981315 1 1</Process><Process ToolSource="d:\arcgis\desktop10.2\ArcToolbox\Toolboxes\Data Management Tools.tbx\CopyRaster" Date="20200516" Time="184141">CopyRaster C:\Users\bruna\Desktop\profAquifero\kriging.gdb\TrasnExt C:\Users\bruna\Desktop\profAquifero\TransExt # # -3.402823e+038 NONE NONE 16_BIT_SIGNED NONE NONE</Process></lineage><itemProps><itemName Sync="TRUE">TransExt</itemName><itemLocation><linkage Sync="TRUE">file://C:\Users\bruna\Desktop\profAquifero\TransExt</linkage><protocol Sync="TRUE">Local Area Network</protocol></itemLocation><imsContentType Sync="TRUE">002</imsContentType><nativeExtBox><westBL Sync="TRUE">101398.748272</westBL><eastBL Sync="TRUE">229328.020392</eastBL><southBL Sync="TRUE">165554.549015</southBL><northBL Sync="TRUE">298580.604885</northBL><exTypeCode Sync="TRUE">1</exTypeCode></nativeExtBox></itemProps><coordRef><type Sync="TRUE">Projected</type><geogcsn Sync="TRUE">GCS_Datum_Lisboa_Hayford</geogcsn><csUnits Sync="TRUE">Linear Unit: Meter (1.000000)</csUnits><projcsn Sync="TRUE">Lisboa_Hayford_Gauss_IGeoE</projcsn><peXml Sync="TRUE">&lt;ProjectedCoordinateSystem xsi:type='typens:ProjectedCoordinateSystem' xmlns:xsi='http://www.w3.org/2001/XMLSchema-instance' xmlns:xs='http://www.w3.org/2001/XMLSchema' xmlns:typens='http://www.esri.com/schemas/ArcGIS/10.1'&gt;&lt;WKT&gt;PROJCS[&amp;quot;Lisboa_Hayford_Gauss_IGeoE&amp;quot;,GEOGCS[&amp;quot;GCS_Datum_Lisboa_Hayford&amp;quot;,DATUM[&amp;quot;D_Datum_Lisboa_Hayford&amp;quot;,SPHEROID[&amp;quot;International_1924&amp;quot;,6378388.0,297.0]],PRIMEM[&amp;quot;Greenwich&amp;quot;,0.0],UNIT[&amp;quot;Degree&amp;quot;,0.0174532925199433]],PROJECTION[&amp;quot;Transverse_Mercator&amp;quot;],PARAMETER[&amp;quot;False_Easting&amp;quot;,200000.0],PARAMETER[&amp;quot;False_Northing&amp;quot;,300000.0],PARAMETER[&amp;quot;Central_Meridian&amp;quot;,-8.131906111111112],PARAMETER[&amp;quot;Scale_Factor&amp;quot;,1.0],PARAMETER[&amp;quot;Latitude_Of_Origin&amp;quot;,39.66666666666666],UNIT[&amp;quot;Meter&amp;quot;,1.0],AUTHORITY[&amp;quot;ESRI&amp;quot;,102164]]&lt;/WKT&gt;&lt;XOrigin&gt;-5423400&lt;/XOrigin&gt;&lt;YOrigin&gt;-14095000&lt;/YOrigin&gt;&lt;XYScale&gt;450251902.2805022&lt;/XYScale&gt;&lt;ZOrigin&gt;-100000&lt;/ZOrigin&gt;&lt;ZScale&gt;10000&lt;/ZScale&gt;&lt;MOrigin&gt;-100000&lt;/MOrigin&gt;&lt;MScale&gt;10000&lt;/MScale&gt;&lt;XYTolerance&gt;0.001&lt;/XYTolerance&gt;&lt;ZTolerance&gt;0.001&lt;/ZTolerance&gt;&lt;MTolerance&gt;0.001&lt;/MTolerance&gt;&lt;HighPrecision&gt;true&lt;/HighPrecision&gt;&lt;WKID&gt;102164&lt;/WKID&gt;&lt;LatestWKID&gt;102164&lt;/LatestWKID&gt;&lt;/ProjectedCoordinateSystem&gt;</peXml></coordRef><RasterProperties><General><PixelDepth Sync="TRUE">16</PixelDepth><HasColormap Sync="TRUE">FALSE</HasColormap><CompressionType Sync="TRUE">RLE</CompressionType><NumBands Sync="TRUE">1</NumBands><Format Sync="TRUE">GRID</Format><HasPyramids Sync="TRUE">TRUE</HasPyramids><SourceType Sync="TRUE">continuous</SourceType><PixelType Sync="TRUE">signed integer</PixelType><NoDataValue Sync="TRUE">-32768</NoDataValue></General></RasterProperties></DataProperties><SyncDate>20200516</SyncDate><SyncTime>18414100</SyncTime><ModDate>20200516</ModDate><ModTime>18414100</ModTime></Esri><dataIdInfo><envirDesc Sync="TRUE">Microsoft Windows 7 Version 6.1 (Build 7601) Service Pack 1; Esri ArcGIS 10.2.2.3552</envirDesc><dataLang><languageCode value="eng" Sync="TRUE"></languageCode><countryCode value="GBR" Sync="TRUE"></countryCode></dataLang><idCitation><resTitle Sync="TRUE">TransExt</resTitle><presForm><PresFormCd value="005" Sync="TRUE"></PresFormCd></presForm></idCitation><spatRpType><SpatRepTypCd value="002" Sync="TRUE"></SpatRepTypCd></spatRpType><dataExt><geoEle><GeoBndBox esriExtentType="search"><exTypeCode Sync="TRUE">1</exTypeCode><westBL Sync="TRUE">-9.280631</westBL><eastBL Sync="TRUE">-7.790199</eastBL><northBL Sync="TRUE">39.653883</northBL><southBL Sync="TRUE">38.450217</southBL></GeoBndBox></geoEle></dataExt></dataIdInfo><mdLang><languageCode value="eng" Sync="TRUE"></languageCode><countryCode value="GBR" Sync="TRUE"></countryCode></mdLang><distInfo><distFormat><formatName Sync="TRUE">Raster Dataset</formatName></distFormat></distInfo><mdHrLv><ScopeCd value="005" Sync="TRUE"></ScopeCd></mdHrLv><mdHrLvName Sync="TRUE">dataset</mdHrLvName><refSysInfo><RefSystem><refSysID><identCode code="102164" Sync="TRUE"></identCode><idCodeSpace Sync="TRUE">ESRI</idCodeSpace><idVersion Sync="TRUE">10.2.1</idVersion></refSysID></RefSystem></refSysInfo><spatRepInfo><Georect><cellGeo><CellGeoCd Sync="TRUE" value="002"></CellGeoCd></cellGeo><numDims Sync="TRUE">2</numDims><tranParaAv Sync="TRUE">1</tranParaAv><chkPtAv Sync="TRUE">0</chkPtAv><cornerPts><pos Sync="TRUE">101398.748272 165554.549015</pos></cornerPts><cornerPts><pos Sync="TRUE">101398.748272 298580.604885</pos></cornerPts><cornerPts><pos Sync="TRUE">229328.020392 298580.604885</pos></cornerPts><cornerPts><pos Sync="TRUE">229328.020392 165554.549015</pos></cornerPts><centerPt><pos Sync="TRUE">165363.384332 232067.576950</pos></centerPt><axisDimension type="002"><dimSize Sync="TRUE">251</dimSize><dimResol><value Sync="TRUE" uom="Meter">509.678375</value></dimResol></axisDimension><axisDimension type="001"><dimSize Sync="TRUE">261</dimSize><dimResol><value Sync="TRUE" uom="Meter">509.678375</value></dimResol></axisDimension><ptInPixel><PixOrientCd Sync="TRUE" value="001"></PixOrientCd></ptInPixel></Georect></spatRepInfo><eainfo><detailed Name="transext.vat"><enttyp><enttypl Sync="TRUE">transext.vat</enttypl><enttypt Sync="TRUE">Table</enttypt><enttypc Sync="TRUE">646</enttypc></enttyp><attr><attrlabl Sync="TRUE">Rowid</attrlabl><attalias Sync="TRUE">Rowid</attalias><attrtype Sync="TRUE">OID</attrtype><attwidth Sync="TRUE">4</attwidth><atprecis Sync="TRUE">0</atprecis><attscale Sync="TRUE">0</attscale><attrdef Sync="TRUE">Internal feature number.</attrdef><attrdefs Sync="TRUE">Esri</attrdefs><attrdomv><udom Sync="TRUE">Sequential unique whole numbers that are automatically generated.</udom></attrdomv></attr><attr><attrlabl Sync="TRUE">VALUE</attrlabl><attalias Sync="TRUE">VALUE</attalias><attrtype Sync="TRUE">Integer</attrtype><attwidth Sync="TRUE">4</attwidth><atprecis Sync="TRUE">0</atprecis><attscale Sync="TRUE">0</attscale></attr><attr><attrlabl Sync="TRUE">COUNT</attrlabl><attalias Sync="TRUE">COUNT</attalias><attrtype Sync="TRUE">Integer</attrtype><attwidth Sync="TRUE">4</attwidth><atprecis Sync="TRUE">0</atprecis><attscale Sync="TRUE">0</attscale></attr></detailed></eainfo><contInfo><ImgDesc><contentTyp><ContentTypCd Sync="TRUE" value="003"></ContentTypCd></contentTyp><covDim><Band><dimDescrp Sync="TRUE">Band_1</dimDescrp><maxVal Sync="TRUE">3235.000000</maxVal><minVal Sync="TRUE">227.000000</minVal><bitsPerVal Sync="TRUE">16</bitsPerVal><valUnit><UOM type="length"></UOM></valUnit></Band></covDim></ImgDesc></contInfo><mdDateSt Sync="TRUE">20200516</mdDateSt></metadata>
